{
    "dataBinding": {
        "/webapp/view/Homepage.view.xml": {
            "entitySet": ""
        }, 
        "/webapp/view/ProductList.view.xml": {
            "entitySet": ""
        }, 
        "/webapp/view/ProductDetails.view.xml": {
            "entitySet": "/DocumentsSet"
        }, 
        "/webapp/view/Review.view.xml": {
            "entitySet": "/ReviewSet"
        }, 
        "/webapp/view/ContactUs.view.xml": {
            "entitySet": ""
        }, 
        "/webapp/view/CartDetails.view.xml": {
            "entitySet": ""
        }, 
        "/webapp/view/BarterConfirmation.view.xml": {
            "entitySet": ""
        }, 
        "/webapp/view/BuyerLogin.view.xml": {
            "entitySet": ""
        }, 
        "/webapp/view/Review_1.view.xml": {
            "entitySet": ""
        }, 
        "/webapp/view/WriteReview.view.xml": {
            "entitySet": ""
        }, 
        "/webapp/view/SellProduct.view.xml": {
            "entitySet": ""
        }, 
        "/webapp/view/Categories.view.xml": {
            "entitySet": ""
        }, 
        "/webapp/view/SellersLogin.view.xml": {
            "entitySet": ""
        }, 
        "/webapp/view/Popover1.view.xml": {
            "entitySet": ""
        } 
    }
}