[{"ID":"P001","Name":"Apple Watch Series 5","Price":"Barter","Currency":"","Pieces":"6","Reviews":"27","Notes":3,"Image":"https://store.storeimages.cdn-apple.com/8756/as-images.apple.com/is/42-alu-silver-sport-white-nc-s3-gallery1?wid=2000&hei=2000&fmt=jpeg&qlt=80&op_usm=0.5,0.5&.v=1573770232970","Instruction":"http://cache.Feelgood.com/bigdownloads/buildinginstructions/4193299.pdf","AvgRating":4926.1,"NoofReview":926.54,"NoofRelatedProducts":7135.64},{"ID":"P002","Name":"Cricket Kit - Mens","Price":"Free","Currency":"","Pieces":"4","Reviews":"22","Notes":4,"Image":"","Instruction":"http://cache.Feelgood.com/bigdownloads/buildinginstructions/4193294.pdf","AvgRating":8348.38,"NoofReview":311.64,"NoofRelatedProducts":7671.26},{"ID":"P003","Name":"Noni Night Serum","Price":"Barter","Currency":"","Pieces":"25","Reviews":"34","Notes":3,"Image":"","Instruction":"http://cache.Feelgood.com/bigdownloads/buildinginstructions/4193295.pdf","AvgRating":7099.3,"NoofReview":3880.02,"NoofRelatedProducts":1743.08},{"ID":"P004","Name":"Face Wash-Oily Skin","Price":"Free","Currency":"","Pieces":"4","Reviews":"25","Notes":4,"Image":"","Instruction":"http://cache.Feelgood.com/bigdownloads/buildinginstructions/4193296.pdf","AvgRating":6155.92,"NoofReview":8638.89,"NoofRelatedProducts":867.14},{"ID":"P005","Name":"Vitamin C Supplement","Price":"Barter","Currency":"","Pieces":"58","Reviews":"24","Notes":2,"Image":"","Instruction":"http://cache.Feelgood.com/bigdownloads/buildinginstructions/4193297.pdf","AvgRating":3597.04,"NoofReview":3350.36,"NoofRelatedProducts":3414.74}]