[{"ID":"P001","Name":"Apple Watch Series 5","Price":"699","Currency":"AUD","Pieces":"1","Reviews":"27","Notes":3,"Image":"https://store.storeimages.cdn-apple.com/8756/as-images.apple.com/is/42-alu-silver-sport-white-nc-s3-gallery1?wid=2000&hei=2000&fmt=jpeg&qlt=80&op_usm=0.5,0.5&.v=1573770232970","Instruction":"http://cache.Feelgood.com/bigdownloads/buildinginstructions/4193299.pdf","AvgRating":6642.04,"NoofReview":4528.51,"NoofRelatedProducts":2854.41},{"ID":"P002","Name":"Cricket Kit - Mens","Price":"299","Currency":"AUD","Pieces":"1","Reviews":"22","Notes":4,"Image":"","Instruction":"http://cache.Feelgood.com/bigdownloads/buildinginstructions/4193294.pdf","AvgRating":831.82,"NoofReview":4092.56,"NoofRelatedProducts":688.51},{"ID":"P003","Name":"Noni Night Serum","Price":"89","Currency":"AUD","Pieces":"1","Reviews":"34","Notes":3,"Image":"","Instruction":"http://cache.Feelgood.com/bigdownloads/buildinginstructions/4193295.pdf","AvgRating":1029.34,"NoofReview":8488.45,"NoofRelatedProducts":3214.77},{"ID":"P004","Name":"Face Wash-Oily Skin","Price":"45.95","Currency":"AUD","Pieces":"1","Reviews":"25","Notes":4,"Image":"","Instruction":"http://cache.Feelgood.com/bigdownloads/buildinginstructions/4193296.pdf","AvgRating":3421.57,"NoofReview":614.32,"NoofRelatedProducts":3779.57},{"ID":"P005","Name":"Vitamin C Supplement","Price":"19.36","Currency":"AUD","Pieces":"1","Reviews":"24","Notes":2,"Image":"","Instruction":"http://cache.Feelgood.com/bigdownloads/buildinginstructions/4193297.pdf","AvgRating":925.51,"NoofReview":8938.25,"NoofRelatedProducts":1688.18}]