<edmx:Edmx Version="1.0" xmlns:edmx="http://schemas.microsoft.com/ado/2007/06/edmx" xmlns:m="http://schemas.microsoft.com/ado/2007/08/dataservices/metadata" xmlns:sap="http://www.sap.com/Protocols/SAPData">
    <edmx:DataServices m:DataServiceVersion="2.0">
        <Schema Namespace="cbe6eb1340978a8513a351f1" xml:lang="en" sap:schema-version="0000" xmlns="http://schemas.microsoft.com/ado/2008/09/edm">
            <EntityContainer Name="cbe6eb1340978a8513a351f1_Entities" m:IsDefaultEntityContainer="true">
                <EntitySet Name="DocumentsSet" EntityType="cbe6eb1340978a8513a351f1.Documents" sap:creatable="true" sap:updatable="true" sap:deletable="true"/>
                <AssociationSet Name="DocumentsReviewSetReview" Association="cbe6eb1340978a8513a351f1.DocumentsReviewSetReview" sap:creatable="true" sap:updatable="true" sap:deletable="true">
                    <End EntitySet="DocumentsSet" Role="FromRole_DocumentsReviewSetReview"/>
                    <End EntitySet="ReviewSet" Role="ToRole_DocumentsReviewSetReview"/>
                </AssociationSet>
                <AssociationSet Name="DocumentsRelatedProductRelatedProduct" Association="cbe6eb1340978a8513a351f1.DocumentsRelatedProductRelatedProduct" sap:creatable="true" sap:updatable="true" sap:deletable="true">
                    <End EntitySet="DocumentsSet" Role="FromRole_DocumentsRelatedProductRelatedProduct"/>
                    <End EntitySet="RelatedProductSet" Role="ToRole_DocumentsRelatedProductRelatedProduct"/>
                </AssociationSet>
                <EntitySet Name="ReviewSet" EntityType="cbe6eb1340978a8513a351f1.Review" sap:creatable="true" sap:updatable="true" sap:deletable="true"/>
                <AssociationSet Name="ReviewReviewpostedbyReviewer" Association="cbe6eb1340978a8513a351f1.ReviewReviewpostedbyReviewer" sap:creatable="true" sap:updatable="true" sap:deletable="true">
                    <End EntitySet="ReviewSet" Role="FromRole_ReviewReviewpostedbyReviewer"/>
                    <End EntitySet="ReviewerSet" Role="ToRole_ReviewReviewpostedbyReviewer"/>
                </AssociationSet>
                <EntitySet Name="ReviewerSet" EntityType="cbe6eb1340978a8513a351f1.Reviewer" sap:creatable="true" sap:updatable="true" sap:deletable="true"/>
                <EntitySet Name="RelatedProductSet" EntityType="cbe6eb1340978a8513a351f1.RelatedProduct" sap:creatable="true" sap:updatable="true" sap:deletable="true"/>
                <AssociationSet Name="RelatedProductProductDocuments" Association="cbe6eb1340978a8513a351f1.RelatedProductProductDocuments" sap:creatable="true" sap:updatable="true" sap:deletable="true">
                    <End EntitySet="RelatedProductSet" Role="FromRole_RelatedProductProductDocuments"/>
                    <End EntitySet="DocumentsSet" Role="ToRole_RelatedProductProductDocuments"/>
                </AssociationSet>
                <EntitySet Name="RATINGSSet" EntityType="cbe6eb1340978a8513a351f1.RATINGS" sap:creatable="true" sap:updatable="true" sap:deletable="true"/>
            </EntityContainer>
            <EntityType Name="Documents">
                <Key>
                    <PropertyRef Name="ID"/>
                </Key>
                <Property Name="ID" Type="Edm.String" sap:creatable="true" sap:updatable="true" sap:deletable="true" sap:label="ID"/>
                <Property Name="Name" Type="Edm.String" sap:creatable="true" sap:updatable="true" sap:deletable="true" sap:label="Name"/>
                <Property Name="Price" Type="Edm.String" sap:creatable="true" sap:updatable="true" sap:deletable="true" sap:label="Price"/>
                <Property Name="Currency" Type="Edm.String" sap:creatable="true" sap:updatable="true" sap:deletable="true" sap:label="Currency"/>
                <Property Name="Pieces" Type="Edm.String" sap:creatable="true" sap:updatable="true" sap:deletable="true" sap:label="Pieces"/>
                <Property Name="Reviews" Type="Edm.String" sap:creatable="true" sap:updatable="true" sap:deletable="true" sap:label="Reviews"/>
                <Property Name="Notes" Type="Edm.Decimal" sap:creatable="true" sap:updatable="true" sap:deletable="true" sap:label="Notes"/>
                <Property Name="Image" Type="Edm.String" sap:creatable="true" sap:updatable="true" sap:deletable="true" sap:label="Image"/>
                <Property Name="Instruction" Type="Edm.String" sap:creatable="true" sap:updatable="true" sap:deletable="true" sap:label="Instruction"/>
                <Property Name="AvgRating" Type="Edm.Decimal" sap:creatable="false" sap:updatable="false" sap:deletable="false" sap:calculated="{&quot;calculation&quot;:&quot;[{\&quot;label\&quot;:\&quot;PROPERTY\&quot;,\&quot;name\&quot;:\&quot;property\&quot;,\&quot;entityName\&quot;:\&quot;Review\&quot;,\&quot;entityId\&quot;:\&quot;Review\&quot;,\&quot;navPropName\&quot;:\&quot;ReviewSet\&quot;,\&quot;navPropId\&quot;:\&quot;ReviewSet\&quot;,\&quot;navPropMultiplicity\&quot;:true,\&quot;navPropOp\&quot;:\&quot;mean\&quot;,\&quot;propertyName\&quot;:\&quot;Rating\&quot;,\&quot;propertyId\&quot;:\&quot;Rating\&quot;,\&quot;type\&quot;:\&quot;property\&quot;,\&quot;id\&quot;:0}]&quot;,&quot;inputProperties&quot;:[{&quot;_id&quot;:&quot;561ffb3e85733d48c06fd0cb&quot;,&quot;navPropId&quot;:&quot;ReviewSet&quot;,&quot;entityId&quot;:&quot;Review&quot;,&quot;propertyId&quot;:&quot;Rating&quot;}]}" sap:label="Rating"/>
                <Property Name="NoofReview" Type="Edm.Decimal" sap:creatable="false" sap:updatable="false" sap:deletable="false" sap:calculated="{&quot;calculation&quot;:&quot;[{\&quot;label\&quot;:\&quot;PROPERTY\&quot;,\&quot;name\&quot;:\&quot;property\&quot;,\&quot;entityName\&quot;:\&quot;Review\&quot;,\&quot;entityId\&quot;:\&quot;Review\&quot;,\&quot;navPropName\&quot;:\&quot;ReviewSet\&quot;,\&quot;navPropId\&quot;:\&quot;ReviewSet\&quot;,\&quot;navPropMultiplicity\&quot;:true,\&quot;navPropOp\&quot;:\&quot;count\&quot;,\&quot;propertyName\&quot;:\&quot;ID\&quot;,\&quot;propertyId\&quot;:\&quot;ID\&quot;,\&quot;type\&quot;:\&quot;property\&quot;,\&quot;id\&quot;:0}]&quot;,&quot;inputProperties&quot;:[{&quot;_id&quot;:&quot;561ffd8185733d48c06fddaa&quot;,&quot;navPropId&quot;:&quot;ReviewSet&quot;,&quot;entityId&quot;:&quot;Review&quot;,&quot;propertyId&quot;:&quot;ID&quot;}]}" sap:label="NoofReview"/>
                <Property Name="NoofRelatedProducts" Type="Edm.Decimal" sap:creatable="false" sap:updatable="false" sap:deletable="false" sap:calculated="{&quot;calculation&quot;:&quot;[{\&quot;label\&quot;:\&quot;PROPERTY\&quot;,\&quot;name\&quot;:\&quot;property\&quot;,\&quot;entityName\&quot;:\&quot;RelatedProduct\&quot;,\&quot;entityId\&quot;:\&quot;RelatedProduct\&quot;,\&quot;navPropName\&quot;:\&quot;RelatedProduct\&quot;,\&quot;navPropId\&quot;:\&quot;RelatedProduct\&quot;,\&quot;navPropMultiplicity\&quot;:true,\&quot;navPropOp\&quot;:\&quot;count\&quot;,\&quot;propertyName\&quot;:\&quot;ID\&quot;,\&quot;propertyId\&quot;:\&quot;ID\&quot;,\&quot;type\&quot;:\&quot;property\&quot;,\&quot;id\&quot;:0}]&quot;,&quot;inputProperties&quot;:[{&quot;_id&quot;:&quot;561ffda985733d48c06fde2f&quot;,&quot;navPropId&quot;:&quot;RelatedProduct&quot;,&quot;entityId&quot;:&quot;RelatedProduct&quot;,&quot;propertyId&quot;:&quot;ID&quot;}]}" sap:label="NoofRelatedProducts"/>
                <NavigationProperty Name="ReviewSet" Relationship="cbe6eb1340978a8513a351f1.DocumentsReviewSetReview" FromRole="FromRole_DocumentsReviewSetReview" ToRole="ToRole_DocumentsReviewSetReview"/>
                <NavigationProperty Name="RelatedProduct" Relationship="cbe6eb1340978a8513a351f1.DocumentsRelatedProductRelatedProduct" FromRole="FromRole_DocumentsRelatedProductRelatedProduct" ToRole="ToRole_DocumentsRelatedProductRelatedProduct"/>
            </EntityType>
            <Association Name="DocumentsReviewSetReview">
                <End Type="cbe6eb1340978a8513a351f1.Documents" Multiplicity="1" Role="FromRole_DocumentsReviewSetReview"/>
                <End Type="cbe6eb1340978a8513a351f1.Review" Multiplicity="*" Role="ToRole_DocumentsReviewSetReview"/>
                <ReferentialConstraint>
                    <Principal Role="FromRole_DocumentsReviewSetReview">
                        <PropertyRef Name="ID"/>
                    </Principal>
                    <Dependent Role="ToRole_DocumentsReviewSetReview">
                        <PropertyRef Name="___FK_aae773cdd9453edc0ae2cde0"/>
                    </Dependent>
                </ReferentialConstraint>
            </Association>
            <Association Name="DocumentsRelatedProductRelatedProduct">
                <End Type="cbe6eb1340978a8513a351f1.Documents" Multiplicity="1" Role="FromRole_DocumentsRelatedProductRelatedProduct"/>
                <End Type="cbe6eb1340978a8513a351f1.RelatedProduct" Multiplicity="*" Role="ToRole_DocumentsRelatedProductRelatedProduct"/>
                <ReferentialConstraint>
                    <Principal Role="FromRole_DocumentsRelatedProductRelatedProduct">
                        <PropertyRef Name="ID"/>
                    </Principal>
                    <Dependent Role="ToRole_DocumentsRelatedProductRelatedProduct">
                        <PropertyRef Name="___FK_447124c57ba590070ae2cde0"/>
                    </Dependent>
                </ReferentialConstraint>
            </Association>
            <EntityType Name="Review">
                <Key>
                    <PropertyRef Name="ID"/>
                </Key>
                <Property Name="ID" Type="Edm.String" sap:creatable="true" sap:updatable="true" sap:deletable="true" sap:label="ID"/>
                <Property Name="Date" Type="Edm.String" sap:creatable="true" sap:updatable="true" sap:deletable="true" sap:label="Date"/>
                <Property Name="Rating" Type="Edm.Decimal" sap:creatable="true" sap:updatable="true" sap:deletable="true" sap:label="Rating"/>
                <Property Name="Comment" Type="Edm.String" sap:creatable="true" sap:updatable="true" sap:deletable="true" sap:label="Comment"/>
                <Property Name="___FK_aae773cdd9453edc0ae2cde0" Type="Edm.String" sap:creatable="true" sap:updatable="true" sap:deletable="true" sap:label="From.Product"/>
                <Property Name="___FK_8be2dbb58e3c69a60ae2cde0" Type="Edm.String" sap:creatable="true" sap:updatable="true" sap:deletable="true" sap:label="From.Review"/>
                <NavigationProperty Name="Reviewpostedby" Relationship="cbe6eb1340978a8513a351f1.ReviewReviewpostedbyReviewer" FromRole="FromRole_ReviewReviewpostedbyReviewer" ToRole="ToRole_ReviewReviewpostedbyReviewer"/>
            </EntityType>
            <Association Name="ReviewReviewpostedbyReviewer">
                <End Type="cbe6eb1340978a8513a351f1.Review" Multiplicity="1" Role="FromRole_ReviewReviewpostedbyReviewer"/>
                <End Type="cbe6eb1340978a8513a351f1.Reviewer" Multiplicity="1" Role="ToRole_ReviewReviewpostedbyReviewer"/>
                <ReferentialConstraint>
                    <Principal Role="ToRole_ReviewReviewpostedbyReviewer">
                        <PropertyRef Name="ID"/>
                    </Principal>
                    <Dependent Role="FromRole_ReviewReviewpostedbyReviewer">
                        <PropertyRef Name="___FK_8be2dbb58e3c69a60ae2cde0"/>
                    </Dependent>
                </ReferentialConstraint>
            </Association>
            <EntityType Name="Reviewer">
                <Key>
                    <PropertyRef Name="ID"/>
                </Key>
                <Property Name="ID" Type="Edm.String" sap:creatable="true" sap:updatable="true" sap:deletable="true" sap:label="ID"/>
                <Property Name="AuthorName" Type="Edm.String" sap:creatable="true" sap:updatable="true" sap:deletable="true" sap:label="AuthorName"/>
                <Property Name="Country" Type="Edm.String" sap:creatable="true" sap:updatable="true" sap:deletable="true" sap:label="Country"/>
            </EntityType>
            <EntityType Name="RelatedProduct">
                <Key>
                    <PropertyRef Name="ID"/>
                </Key>
                <Property Name="ID" Type="Edm.String" sap:creatable="true" sap:updatable="true" sap:deletable="true" sap:label="ID"/>
                <Property Name="___FK_447124c57ba590070ae2cde0" Type="Edm.String" sap:creatable="true" sap:updatable="true" sap:deletable="true" sap:label="From.Product"/>
                <Property Name="___FK_c3ceaa1a18c581000be0aefd" Type="Edm.String" sap:creatable="true" sap:updatable="true" sap:deletable="true" sap:label="___FK_c3ceaa1a18c581000be0aefd"/>
                <NavigationProperty Name="Product" Relationship="cbe6eb1340978a8513a351f1.RelatedProductProductDocuments" FromRole="FromRole_RelatedProductProductDocuments" ToRole="ToRole_RelatedProductProductDocuments"/>
            </EntityType>
            <Association Name="RelatedProductProductDocuments">
                <End Type="cbe6eb1340978a8513a351f1.RelatedProduct" Multiplicity="1" Role="FromRole_RelatedProductProductDocuments"/>
                <End Type="cbe6eb1340978a8513a351f1.Documents" Multiplicity="1" Role="ToRole_RelatedProductProductDocuments"/>
                <ReferentialConstraint>
                    <Principal Role="ToRole_RelatedProductProductDocuments">
                        <PropertyRef Name="ID"/>
                    </Principal>
                    <Dependent Role="FromRole_RelatedProductProductDocuments">
                        <PropertyRef Name="___FK_c3ceaa1a18c581000be0aefd"/>
                    </Dependent>
                </ReferentialConstraint>
            </Association>
            <EntityType Name="RATINGS">
                <Key>
                    <PropertyRef Name="ID"/>
                </Key>
                <Property Name="ID" Type="Edm.String" sap:creatable="true" sap:updatable="true" sap:deletable="true" sap:label="ID"/>
                <Property Name="RATE" Type="Edm.String" sap:creatable="true" sap:updatable="true" sap:deletable="true" sap:label="RATE"/>
            </EntityType>
        </Schema>
    </edmx:DataServices>
</edmx:Edmx>
