[{"ID":"R1","___FK_447124c57ba590070ae2cde0":"","___FK_c3ceaa1a18c581000be0aefd":""},{"ID":"R2","___FK_447124c57ba590070ae2cde0":"","___FK_c3ceaa1a18c581000be0aefd":""},{"ID":"R3","___FK_447124c57ba590070ae2cde0":"","___FK_c3ceaa1a18c581000be0aefd":""},{"ID":"R4","___FK_447124c57ba590070ae2cde0":"","___FK_c3ceaa1a18c581000be0aefd":""},{"ID":"R5","___FK_447124c57ba590070ae2cde0":"","___FK_c3ceaa1a18c581000be0aefd":""},{"ID":"R6","___FK_447124c57ba590070ae2cde0":"","___FK_c3ceaa1a18c581000be0aefd":""},{"ID":"R7","___FK_447124c57ba590070ae2cde0":"","___FK_c3ceaa1a18c581000be0aefd":""},{"ID":"R8","___FK_447124c57ba590070ae2cde0":"","___FK_c3ceaa1a18c581000be0aefd":""},{"ID":"R9","___FK_447124c57ba590070ae2cde0":"","___FK_c3ceaa1a18c581000be0aefd":""},{"ID":"R10","___FK_447124c57ba590070ae2cde0":"","___FK_c3ceaa1a18c581000be0aefd":""}]