[{"ID":"R1","Date":"Sun Sep 27 2015","Rating":4,"Comment":"This is an excellent marketplace.","___FK_aae773cdd9453edc0ae2cde0":"","___FK_8be2dbb58e3c69a60ae2cde0":"Rev4"},{"ID":"R2","Date":"Mon Sep 28 2015","Rating":5,"Comment":"Love the discounts","___FK_aae773cdd9453edc0ae2cde0":"","___FK_8be2dbb58e3c69a60ae2cde0":"Rev3"},{"ID":"R3","Date":"Sat Oct 10 2015","Rating":4,"Comment":"Excellent Delivery times.","___FK_aae773cdd9453edc0ae2cde0":"","___FK_8be2dbb58e3c69a60ae2cde0":"Rev2"},{"ID":"R4","Date":"Mon Aug 17 2015","Rating":4,"Comment":"Superb Collection","___FK_aae773cdd9453edc0ae2cde0":"","___FK_8be2dbb58e3c69a60ae2cde0":"Rev5"},{"ID":"R5","Date":"Sat Jul 11 2015","Rating":4,"Comment":"Highly recommend this marketplace to sell your products","___FK_aae773cdd9453edc0ae2cde0":"","___FK_8be2dbb58e3c69a60ae2cde0":"Rev3"},{"ID":"R6","Date":"Mon Oct 12 2015","Rating":5,"Comment":"I sold my item in 2 hours","___FK_aae773cdd9453edc0ae2cde0":"","___FK_8be2dbb58e3c69a60ae2cde0":"Rev1"},{"ID":"R7","Date":"Thu Oct 01 2015","Rating":2,"Comment":"Amazing to see the amount of products listed on this marketplace","___FK_aae773cdd9453edc0ae2cde0":"","___FK_8be2dbb58e3c69a60ae2cde0":"Rev4"},{"ID":"R8","Date":"Fri Oct 02 2015","Rating":4,"Comment":"Amazing","___FK_aae773cdd9453edc0ae2cde0":"","___FK_8be2dbb58e3c69a60ae2cde0":"Rev3"}]