{"static":{},"combined":{"DocumentsSet":[{"ID":"P001","Name":"Apple Watch Series 5","Price":"Barter","Currency":"","Pieces":"6","Reviews":"27","Notes":3,"Image":"https://store.storeimages.cdn-apple.com/8756/as-images.apple.com/is/42-alu-silver-sport-white-nc-s3-gallery1?wid=2000&hei=2000&fmt=jpeg&qlt=80&op_usm=0.5,0.5&.v=1573770232970","Instruction":"http://cache.Feelgood.com/bigdownloads/buildinginstructions/4193299.pdf","AvgRating":null,"NoofReview":null,"NoofRelatedProducts":null},{"ID":"P002","Name":"Cricket Kit - Mens","Price":"Free","Currency":"","Pieces":"4","Reviews":"22","Notes":4,"Image":"","Instruction":"http://cache.Feelgood.com/bigdownloads/buildinginstructions/4193294.pdf","AvgRating":null,"NoofReview":null,"NoofRelatedProducts":null},{"ID":"P003","Name":"Noni Night Serum","Price":"Barter","Currency":"","Pieces":"25","Reviews":"34","Notes":3,"Image":"","Instruction":"http://cache.Feelgood.com/bigdownloads/buildinginstructions/4193295.pdf","AvgRating":null,"NoofReview":null,"NoofRelatedProducts":null},{"ID":"P004","Name":"Face Wash-Oily Skin","Price":"Free","Currency":"","Pieces":"4","Reviews":"25","Notes":4,"Image":"","Instruction":"http://cache.Feelgood.com/bigdownloads/buildinginstructions/4193296.pdf","AvgRating":null,"NoofReview":null,"NoofRelatedProducts":null},{"ID":"P005","Name":"Vitamin C Supplement","Price":"Barter","Currency":"","Pieces":"58","Reviews":"24","Notes":2,"Image":"","Instruction":"http://cache.Feelgood.com/bigdownloads/buildinginstructions/4193297.pdf","AvgRating":null,"NoofReview":null,"NoofRelatedProducts":null}],"ReviewSet":[{"ID":"R1"},{"ID":"R2"},{"ID":"R3"},{"ID":"R4"},{"ID":"R5"},{"ID":"R6"},{"ID":"R7"},{"ID":"R8"}],"ReviewerSet":[{"ID":"Rev1","AuthorName":"Ashley","Country":"Sydney"},{"ID":"Rev2","AuthorName":"Mani Ram","Country":"Parramatta"},{"ID":"Rev3","AuthorName":"Kathy Wu","Country":"Pyrmont"},{"ID":"Rev4","AuthorName":"George","Country":"Melbourne"},{"ID":"Rev5","AuthorName":"Francesco","Country":"Perth"},{"ID":"Rev6","AuthorName":"Miranda","Country":"Adelaide"}],"RelatedProductSet":[{"ID":"R1","___FK_447124c57ba590070ae2cde0":null,"___FK_c3ceaa1a18c581000be0aefd":null},{"ID":"R2","___FK_447124c57ba590070ae2cde0":null,"___FK_c3ceaa1a18c581000be0aefd":null},{"ID":"R3","___FK_447124c57ba590070ae2cde0":null,"___FK_c3ceaa1a18c581000be0aefd":null},{"ID":"R4","___FK_447124c57ba590070ae2cde0":null,"___FK_c3ceaa1a18c581000be0aefd":null},{"ID":"R5","___FK_447124c57ba590070ae2cde0":null,"___FK_c3ceaa1a18c581000be0aefd":null},{"ID":"R6","___FK_447124c57ba590070ae2cde0":null,"___FK_c3ceaa1a18c581000be0aefd":null},{"ID":"R7","___FK_447124c57ba590070ae2cde0":null,"___FK_c3ceaa1a18c581000be0aefd":null},{"ID":"R8","___FK_447124c57ba590070ae2cde0":null,"___FK_c3ceaa1a18c581000be0aefd":null},{"ID":"R9","___FK_447124c57ba590070ae2cde0":null,"___FK_c3ceaa1a18c581000be0aefd":null},{"ID":"R10","___FK_447124c57ba590070ae2cde0":null,"___FK_c3ceaa1a18c581000be0aefd":null}],"RATINGSSet":[{"ID":"LIKES","RATE":"78"},{"ID":"DISLIKES","RATE":"22"}]}}